{
    "name":"Delivery Observation Gadget",
    "version":"0.6.0",
    "author":"Jeff Stevens",
    "slug":"dog",
    "type":"modules",
    "keywords":[
        "shipping",
        "api",
        "fedex",
        "ups",
        "dayton freight",
        "yrc freight",
        "holland freight",
        "xpo logistics",
        "tracking"
    ],
    "dependencies":{
        "xmlTool":"^1.0.0"
    },
    "installPaths":{
        "dog":"modules",
        "xmlTool":"modules/xmlTool/"
    }
}
